DateTime,Open,Close,High,Low
2020-01-02,1875,1898.01,1898.01,1864.15
2020-01-03,1864.5,1874.97,1886.1965,1864.5
2020-01-06,1860,1902.88,1903.69,1860
2020-01-07,1904.5,1906.86,1913.89,1892.0433
2020-01-08,1898.04,1891.97,1910.9999,1886.4448
2020-01-09,1909.89,1901.05,1917.82,1895.8038
2020-01-10,1905.37,1883.16,1906.94,1880
2020-01-13,1891.31,1891.3,1898,1880.8
2020-01-14,1885.88,1869.44,1887.11,1858.55
2020-01-15,1872.25,1862.02,1878.86,1855.09
2020-01-16,1882.99,1877.94,1885.59,1866.02
2020-01-17,1885.89,1864.72,1886.64,1857.25
2020-01-21,1865,1892,1894.27,1860
2020-01-22,1896.09,1887.46,1902.5,1883.34
2020-01-23,1885.11,1884.58,1889.975,1872.76
2020-01-24,1891.37,1861.64,1894.99,1847.44
2020-01-27,1820,1828.34,1841,1815.34
2020-01-28,1840.5,1853.25,1858.11,1830.02
2020-01-29,1864,1858,1874.75,1855.02
2020-01-30,1858,1870.68,1872.87,1850.61
2020-01-31,2051.47,2008.72,2055.72,2002.27
2020-02-03,2010.6,2004.2,2048.5,2000.25
2020-02-04,2029.88,2049.67,2059.8,2015.37
2020-02-05,2071.02,2039.87,2071.02,2032
2020-02-06,2041.02,2050.23,2056.3,2024.8001
2020-02-07,2041.99,2079.28,2098.53,2038.1
2020-02-10,2085.01,2133.91,2135.6,2084.96
2020-02-11,2150.9,2150.8,2185.95,2136
2020-02-12,2163.2,2160,2180.2494,2155.29
2020-02-13,2144.99,2149.87,2170.28,2142
2020-02-14,2155.68,2134.87,2159.0352,2125.89
2020-02-18,2125.02,2155.67,2166.07,2124.105
2020-02-19,2167.8,2170.22,2185.1,2161.12
2020-02-20,2173.07,2153.13,2176.79,2127.45
2020-02-21,2142.15,2095.97,2144.55,2088
2020-02-24,2003.18,2009.29,2039.295,1987.9742
2020-02-25,2026.42,1972.74,2034.6,1958.42
2020-02-26,1970.28,1979.59,2014.67,1960.45
2020-02-27,1934.38,1884.3,1975,1882.7621
2020-02-28,1814.63,1883.75,1889.76,1811.129
2020-03-02,1906.49,1953.95,1954.51,1870
2020-03-03,1975.37,1908.99,1996.33,1888.0901
2020-03-04,1946.57,1975.83,1978,1922
2020-03-05,1933,1924.03,1960.72,1910
2020-03-06,1875,1900.295,1910.87,1869.5
2020-03-09,1773.86,1800.61,1862.77,1761.2901
2020-03-10,1870.88,1891.82,1894.27,1818.17
2020-03-11,1857.85,1820.86,1871.3194,1801.5
2020-03-12,1721.98,1675.61,1765,1675
2020-03-13,1755,1785,1786.31,1680.62
2020-03-16,1641.51,1689.15,1759.4519,1626.0318
2020-03-17,1775.47,1807.84,1857.775,1689.2402
2020-03-18,1750,1831.665,1841.66,1745
2020-03-19,1860,1880.93,1945,1832.65
2020-03-20,1926.31,1846.09,1957,1820.73
2020-03-23,1827.75,1902.83,1919.4,1812
2020-03-24,1951.495,1940.1,1955,1900.3403
2020-03-25,1920.69,1885.84,1950.26,1885.78
2020-03-26,1902,1955.49,1956.49,1889.29
2020-03-27,1930.86,1900.1,1939.79,1899.92
2020-03-30,1922.83,1963.95,1973.63,1912.34
2020-03-31,1964.35,1949.72,1993.02,1944.01
2020-04-01,1932.97,1907.7,1944.96,1893
2020-04-02,1901.64,1918.83,1927.5258,1890
2020-04-03,1911.15,1906.59,1926.33,1889.15
2020-04-06,1936,1997.59,1998.52,1930.02
2020-04-07,2017.11,2011.6,2035.72,1997.62
2020-04-08,2021,2043,2044,2011.15
2020-04-09,2044.3,2042.76,2053,2017.66
2020-04-13,2040,2168.87,2180,2038
2020-04-14,2200.47,2283.32,2292,2186.21
2020-04-15,2257.68,2307.68,2333.369,2245
2020-04-16,2346,2408.19,2460.9981,2335
2020-04-17,2372.33,2375,2400,2316.02
2020-04-20,2389.95,2393.61,2444.98,2386.05
2020-04-21,2416.61,2328.12,2428.3099,2279.66
2020-04-22,2369,2363.49,2394,2351
2020-04-23,2399.98,2399.45,2424.22,2382.08
2020-04-24,2417,2410.22,2420.4332,2382
2020-04-27,2443.2,2376,2444.88,2363
2020-04-28,2372.1,2314.08,2373.5,2306
2020-04-29,2330.01,2372.71,2391.89,2310
2020-04-30,2419.96,2474,2475,2396.01
2020-05-01,2336.8,2286.04,2362.44,2258.1901
2020-05-04,2256.38,2315.99,2326.98,2256.38
2020-05-05,2340,2317.8,2351,2307.1251
2020-05-06,2329.44,2351.26,2357.45,2320
2020-05-07,2374.78,2367.61,2376,2343.11
2020-05-08,2372.14,2379.61,2387.2449,2357
2020-05-11,2374.7,2409,2419.665,2372.11
2020-05-12,2411.85,2356.95,2418.9999,2355
2020-05-13,2366.8,2367.92,2407.7,2337.805
2020-05-14,2361.01,2388.85,2391.37,2353.21
2020-05-15,2368.52,2409.78,2411,2356.37
2020-05-18,2404.3456,2426.26,2433,2384.01
2020-05-19,2429.83,2449.33,2484.995,2428.97
2020-05-20,2477.87,2497.94,2500.01,2467.27
2020-05-21,2500,2446.74,2525.45,2442.54
2020-05-22,2455.01,2436.88,2469.85,2430.13
2020-05-26,2458,2421.86,2462,2414.06
2020-05-27,2404.99,2410.39,2413.58,2330
2020-05-28,2384.33,2401.1,2436.9699,2378.23
2020-05-29,2415.94,2442.37,2442.37,2398.1973
2020-06-01,2448,2471.04,2476.93,2444.17
2020-06-02,2467,2472.41,2473.53,2445.31
2020-06-03,2468.01,2478.4,2488,2461.17
2020-06-04,2477.43,2460.6,2507.54,2450.01
2020-06-05,2444.51,2483,2488.645,2437.13
2020-06-08,2500.2,2524.06,2530,2487.335
2020-06-09,2529.44,2600.86,2626.43,2525
2020-06-10,2645,2647.45,2722.35,2626.26
2020-06-11,2603.5,2557.96,2671.38,2536.23
2020-06-12,2601.21,2545.02,2621.4766,2503.35
2020-06-15,2526.6,2572.68,2584,2508.0001
2020-06-16,2620,2615.27,2620,2576
2020-06-17,2647.5,2640.98,2655,2631.82
2020-06-18,2647.01,2653.98,2659.64,2636.11
2020-06-19,2678.08,2675.01,2697.43,2659
2020-06-22,2684.5,2713.82,2715,2669
2020-06-23,2726.02,2764.41,2783.11,2718.04
2020-06-24,2780,2734.4,2796,2721
2020-06-25,2739.55,2754.58,2756.23,2712.14
2020-06-26,2775.056,2692.87,2782.5688,2688
2020-06-29,2690.01,2680.38,2696.8,2630.08
2020-06-30,2685.065,2758.82,2769.63,2675.03
2020-07-01,2757.99,2878.7,2895,2754
2020-07-02,2912.01,2890.3,2955.56,2871.1021
2020-07-06,2934.97,3057.04,3059.88,2930
2020-07-07,3058.55,3000.12,3069.55,2990
2020-07-08,3022.61,3081.11,3083.97,3012.4301
2020-07-09,3115.99,3182.63,3193.8799,3074.0016
2020-07-10,3191.76,3200,3215,3135.7
2020-07-13,3251.06,3104,3344.29,3068.3901
2020-07-14,3089,3084,3127.38,2950
2020-07-15,3080,3008.87,3098.35,2973.1801
2020-07-16,2971.06,2999.9,3032,2918.23
2020-07-17,3009,2961.97,3024,2948.45
2020-07-20,3000.2,3196.84,3201.3599,2994.0172
2020-07-21,3232.49,3138.29,3240.5758,3105.72
2020-07-22,3125,3099.91,3149.9999,3065.26
2020-07-23,3098.2713,2986.55,3098.2713,2970
2020-07-24,2930,3008.91,3031.58,2888
2020-07-27,3062,3055.21,3098,3015.77
2020-07-28,3054.27,3000.33,3077.0926,2995.76
2020-07-29,3030.99,3033.53,3039.1592,2996.77
2020-07-30,3014,3051.88,3092,3005
2020-07-31,3244,3164.68,3246.82,3151
2020-08-03,3180.51,3111.89,3184,3104
2020-08-04,3101.21,3138.83,3167.24,3101.21
2020-08-05,3143.77,3205.03,3213.5859,3127.3
2020-08-06,3194.36,3225,3247.47,3165.43
2020-08-07,3224.01,3167.46,3240.81,3140.6726
2020-08-10,3170.31,3148.16,3172.51,3101.52
2020-08-11,3113.2,3080.67,3159.22,3073
2020-08-12,3108,3162.24,3174.385,3101.42
2020-08-13,3182.99,3161.02,3217.5211,3155
2020-08-14,3178.18,3148.02,3178.2357,3120
2020-08-17,3173.12,3182.41,3194.97,3154.1775
2020-08-18,3212,3312.49,3320,3205.8187
2020-08-19,3303.01,3260.48,3315.9,3256.0001
2020-08-20,3252,3297.37,3312.62,3238
2020-08-21,3295,3284.72,3314.3962,3275.39
2020-08-24,3310.15,3307.46,3380.315,3257.5608
2020-08-25,3294.99,3346.49,3357.4,3267
2020-08-26,3351.11,3441.85,3451.7387,3344.5675
2020-08-27,3450.05,3400,3453,3378
2020-08-28,3423,3401.8,3433.3699,3386.5
2020-08-31,3408.99,3450.96,3495,3405
2020-09-01,3489.58,3499.12,3513.87,3467
2020-09-02,3547,3531.45,3552.25,3486.685
2020-09-03,3485,3368,3488.41,3303
2020-09-04,3318,3294.62,3381.5,3111.13
2020-09-08,3144,3149.84,3250.845,3130
2020-09-09,3202.99,3268.61,3303.175,3185
2020-09-10,3307.2188,3175.11,3349.89,3170.55
2020-09-11,3208.69,3116.22,3217.3409,3083.98
2020-09-14,3172.9372,3102.97,3187.39,3096
2020-09-15,3136.16,3156.13,3175.02,3108.92
2020-09-16,3179.99,3078.1,3187.238,3074.15
2020-09-17,3009.25,3008.73,3029.432,2972.55
2020-09-18,3031.74,2954.91,3037.8,2905.54
2020-09-21,2906.5,2960.47,2962,2871
2020-09-22,3033.835,3128.99,3133.99,3000.2
2020-09-23,3120.43,2999.86,3126.999,2992.3759
2020-09-24,2977.79,3019.79,3069.3,2965
2020-09-25,3054.86,3095.13,3101.54,2999
2020-09-28,3148.85,3174.05,3175.04,3117.1684
2020-09-29,3175.39,3144.88,3188.26,3132.54
2020-09-30,3141.14,3148.73,3212.88,3133.99
2020-10-01,3208,3221.26,3224,3172
2020-10-02,3153.63,3125,3195.7965,3123
2020-10-05,3145.84,3199.2,3202.53,3140.85
2020-10-06,3165,3099.96,3182,3090
2020-10-07,3135,3195.69,3200,3132.385
2020-10-08,3224.99,3190.55,3233.2944,3174.99
2020-10-09,3210,3286.65,3288.99,3197.83
2020-10-12,3349.94,3442.93,3496.24,3339.55
2020-10-13,3467.99,3443.63,3492.38,3424.217
2020-10-14,3447,3363.71,3464.88,3340
2020-10-15,3292.01,3338.65,3355.88,3280
2020-10-16,3363.23,3272.71,3399.6606,3160
2020-10-19,3299.61,3207.21,3329,3192.735
2020-10-20,3222.28,3217.01,3266,3192.01
2020-10-21,3212.5,3184.94,3233.875,3160
2020-10-22,3189.87,3176.4,3198.75,3121.94
2020-10-23,3191,3204.4,3205.33,3140
2020-10-26,3198.74,3209.23,3282.9799,3153.3
2020-10-27,3224.94,3286.33,3291.66,3211.3
2020-10-28,3249.3,3162.78,3264.02,3162.47
2020-10-29,3201.27,3211.01,3257.25,3164
2020-10-30,3157.75,3036.15,3167.004,3019
2020-11-02,3061.74,3004.48,3079.705,2950.12
2020-11-03,3018.53,3048.41,3074.9,2980.98
2020-11-04,3159.99,3241.16,3244.85,3139.73
2020-11-05,3319.97,3322,3366.8,3288.88
2020-11-06,3304.64,3311.37,3322,3232
2020-11-09,3231.03,3143.74,3289,3112.1057
2020-11-10,3095.02,3035.02,3114,3019.4828
2020-11-11,3061.78,3137.39,3139.145,3050
2020-11-12,3159.95,3110.28,3175.88,3086.05
2020-11-13,3122,3128.81,3141.7227,3085.39
2020-11-16,3093.2,3131.06,3142.7,3072.685
2020-11-17,3183.5445,3135.66,3189.25,3135.26
2020-11-18,3134,3105.46,3140,3105.1
2020-11-19,3105.31,3117.02,3125,3080.92
2020-11-20,3117.02,3099.4,3132.89,3098.0456
2020-11-23,3116.6986,3098.39,3139.745,3065.46
2020-11-24,3100.5,3118.06,3134.25,3086.258
2020-11-25,3141.87,3185.07,3198,3140.26
2020-11-27,3211.26,3195.34,3216.19,3190.05
2020-11-30,3208.48,3168.04,3228.39,3125.55
2020-12-01,3188.5,3220.08,3248.95,3157.18
2020-12-02,3221.65,3203.53,3232,3173.2601
2020-12-03,3205.46,3186.73,3228.64,3181.31
2020-12-04,3198.21,3162.58,3198.21,3158.76
2020-12-07,3156.48,3158,3180.76,3141.69
2020-12-08,3158.9,3177.29,3184.13,3120.02
2020-12-09,3167.89,3104.2,3174.43,3088
2020-12-10,3088.99,3101.49,3142.1,3076
2020-12-11,3096.66,3116.42,3118.67,3072.82
2020-12-14,3143,3156.97,3190.47,3126
2020-12-15,3181.01,3165.12,3188.4999,3130.49
2020-12-16,3176.01,3240.96,3247,3163.68
2020-12-17,3250,3236.08,3263.51,3221
2020-12-18,3243.99,3201.65,3249.42,3171.6
2020-12-21,3200.01,3206.18,3226.9666,3166
2020-12-22,3202.8434,3206.52,3222,3180.08
2020-12-23,3205,3185.27,3210.13,3184.17
2020-12-24,3193.9,3172.69,3202,3169
2020-12-28,3194,3283.96,3304,3172.69
2020-12-29,3309.94,3322,3350.65,3281.223
2020-12-30,3341,3285.85,3342.1,3282.47
2020-12-31,3275,3256.93,3282.9219,3241.2
2021-01-04,3270,3186.63,3272,3144.02
2021-01-05,3166.01,3218.51,3223.38,3165.06
2021-01-06,3146.48,3138.38,3197.509,3131.16
2021-01-07,3157,3162.16,3208.542,3155
2021-01-08,3180,3182.7,3190.64,3142.2
2021-01-11,3148.01,3114.21,3156.3841,3110
2021-01-12,3120,3120.83,3142.1418,3086
2021-01-13,3128.44,3165.89,3189.95,3122.08
2021-01-14,3167.52,3127.47,3177.9999,3120.59
2021-01-15,3123.02,3104.25,3142.545,3095.17
2021-01-19,3107,3120.76,3145,3096
2021-01-20,3181.99,3263.38,3279.8,3175
2021-01-21,3293,3306.99,3348.55,3289.5675
2021-01-22,3304.31,3292.23,3321.91,3283.1644
2021-01-25,3328.5,3294,3363.89,3243.1463
2021-01-26,3296.3559,3326.13,3338,3282.87
2021-01-27,3341.49,3232.58,3346.52,3207.08
2021-01-28,3235.04,3237.62,3301.68,3228.69
2021-01-29,3230,3206.2,3236.99,3184.55
2021-02-01,3242.36,3342.88,3350.26,3235.025
2021-02-02,3380,3380,3427.74,3361.125
2021-02-03,3425.01,3312.53,3434,3308.62
2021-02-04,3330,3331,3347,3277.75
2021-02-05,3319,3352.15,3377,3302.71
2021-02-08,3358.5,3322.94,3364.9999,3304
2021-02-09,3312.49,3305,3338,3297.84
2021-02-10,3314,3286.58,3317.9548,3254
2021-02-11,3292,3262.13,3292,3248.06
2021-02-12,3250,3277.71,3280.25,3233.31
2021-02-16,3254.05,3268.95,3308.3,3253.591
2021-02-17,3263.6,3308.64,3320.91,3259.4996
2021-02-18,3282.42,3328.23,3338,3273.94
2021-02-19,3328.23,3249.9,3333.5,3245.75
2021-02-22,3208.13,3180.74,3232.3199,3172.26
2021-02-23,3127.03,3194.5,3204.73,3093.6
2021-02-24,3166.75,3159.53,3171.23,3125.38
2021-02-25,3136.74,3057.16,3178.26,3047.76
2021-02-26,3095.2,3092.93,3122.44,3036.7
2021-03-01,3127.89,3146.14,3149.56,3097.99
2021-03-02,3143.47,3094.53,3163.52,3087.1201
2021-03-03,3081.18,3005,3107.775,2995
2021-03-04,3012,2977.57,3058.13,2945.43
2021-03-05,3005,3000.46,3009,2881.0001
2021-03-08,3015,2951.95,3064.59,2951.31
2021-03-09,3017.99,3062.85,3090.96,3005.1474
2021-03-10,3098.45,3057.64,3116.46,3030.05
2021-03-11,3104.01,3113.59,3131.7843,3082.93
2021-03-12,3075,3089.49,3098.98,3045.5
2021-03-15,3074.57,3081.68,3082.24,3032.09
2021-03-16,3104.97,3091.86,3128.91,3075.8601
2021-03-17,3073.22,3135.73,3173.05,3070.22
2021-03-18,3101,3027.99,3116.63,3025
2021-03-19,3029.2,3074.96,3077.285,3016.63
2021-03-22,3067.85,3110.87,3126.58,3060.05
2021-03-23,3127,3137.5,3182,3120.8501
2021-03-24,3151.04,3087.07,3160.31,3085.15
2021-03-25,3072.99,3046.26,3109.78,3037.14
2021-03-26,3044.06,3052.03,3056.66,2996
2021-03-29,3055.4394,3075.73,3091.25,3028.445
2021-03-30,3070.01,3055.29,3073,3034
2021-03-31,3064.06,3094.08,3119.33,3062.5
2021-04-01,3117.94,3161,3162.44,3115.55
2021-04-05,3173,3226.73,3235.955,3161.24
2021-04-06,3223.75,3223.82,3247.31,3217.04
2021-04-07,3233.8,3279.39,3303.6125,3223.65
2021-04-08,3310.9,3299.3,3324.5,3292
2021-04-09,3304.7,3372.2,3372.2,3288.9
2021-04-12,3355.21,3379.39,3395.04,3351.15
2021-04-13,3400.845,3400,3432,3395.63
2021-04-14,3404.04,3333,3404.13,3326
2021-04-15,3371,3379.09,3396.9999,3352
2021-04-16,3380,3399.44,3406.8,3355.59
2021-04-19,3390.33,3372.01,3435.9333,3360.16
2021-04-20,3373.6,3334.69,3382.99,3316
2021-04-21,3316,3362.02,3362.86,3303.8061
2021-04-22,3371.68,3309.04,3372.87,3301.45
2021-04-23,3319.1,3340.88,3375,3308.5
2021-04-26,3348,3409,3428.45,3330.94
2021-04-27,3443.47,3417.43,3460,3398.01
2021-04-28,3434.8,3458.5,3489.88,3425
2021-04-29,3505.0981,3471.31,3514.445,3435
2021-04-30,3525.12,3467.42,3554,3462.5
2021-05-03,3484.73,3386.49,3486.645,3372.7012
2021-05-04,3356.19,3311.87,3367.975,3272.13
2021-05-05,3338.855,3270.54,3354.695,3264.36
2021-05-06,3270,3306.37,3314.4,3247.2
2021-05-07,3319.09,3291.61,3330.89,3289.0704
2021-05-10,3282.32,3190.49,3283,3190
2021-05-11,3136.28,3223.91,3238,3127.37
2021-05-12,3185,3151.94,3207.94,3133.1
2021-05-13,3185.47,3161.47,3203.84,3133
2021-05-14,3185.56,3222.9,3228.86,3183
2021-05-17,3245.93,3270.39,3292.75,3234.59
2021-05-18,3292.575,3232.28,3312,3230.37
2021-05-19,3195,3231.8,3234.75,3184
2021-05-20,3244.4042,3247.68,3259.6799,3236.18
2021-05-21,3250,3203.08,3256.6946,3197.01
2021-05-24,3215.5,3244.99,3257.95,3210.4993
2021-05-25,3266.67,3259.05,3279.82,3213.76
2021-05-26,3274.5905,3265.16,3295.73,3258.51
2021-05-27,3256,3230.11,3260.355,3230.04
2021-05-28,3242,3223.07,3247.99,3219.7
2021-06-01,3243.495,3218.65,3250.98,3209.06
2021-06-02,3223.1,3233.99,3235,3208
2021-06-03,3204.23,3187.01,3214.435,3184.03
2021-06-04,3212,3206.22,3221,3198.81
2021-06-07,3197.33,3198.01,3208,3172.2
2021-06-08,3222.61,3264.11,3279.5321,3218.01
2021-06-09,3272.87,3281.15,3297.58,3270.7
2021-06-10,3282.01,3349.65,3351,3281.15
2021-06-11,3349.65,3346.83,3366.58,3333.45
2021-06-14,3346.83,3383.87,3385,3335.5
2021-06-15,3384,3383.13,3396.9866,3363.1101
2021-06-16,3392,3415.25,3426.35,3360.53
2021-06-17,3403.18,3489.24,3497.2,3401
2021-06-18,3479.99,3486.9,3507,3473.71
2021-06-21,3476.42,3453.96,3482,3434
2021-06-22,3458.06,3505.44,3523.78,3456.09
2021-06-23,3505,3503.82,3521,3483.2
2021-06-24,3507.64,3449.08,3524.8599,3430.85
2021-06-25,3464,3401.46,3464.82,3394.18
2021-06-28,3416,3443.89,3448,3413.5098
2021-06-29,3438.82,3448.14,3456.03,3423.03
2021-06-30,3441.06,3440.16,3471.6019,3435
2021-07-01,3434.61,3432.97,3457,3409.4206
2021-07-02,3451.64,3510.98,3511.72,3436.92
2021-07-06,3530.11,3675.74,3685.48,3529
2021-07-07,3717.3772,3696.58,3734.2,3678.91
2021-07-08,3643.56,3731.41,3759.9855,3621.12
2021-07-09,3722.52,3719.34,3748,3693.3968
2021-07-12,3744,3718.55,3757.2899,3696.7929
2021-07-13,3702.1,3677.36,3773.0782,3671.32
2021-07-14,3708.85,3681.68,3717.66,3660.8266
2021-07-15,3694.2,3631.2,3695.4,3620.92
2021-07-16,3633.31,3573.63,3646.0599,3570.455
2021-07-19,3532.58,3549.59,3550.21,3499.16
2021-07-20,3567.32,3573.19,3592,3518
2021-07-21,3576.375,3585.2,3586.45,3543.6415
2021-07-22,3587.23,3638.03,3640.02,3582.27
2021-07-23,3640,3656.64,3666.11,3622.04
2021-07-26,3673.17,3699.82,3712.08,3647.25
2021-07-27,3698.5,3626.39,3698.5,3586.15
2021-07-28,3633.78,3630.32,3658.4204,3601
2021-07-29,3627.75,3599.92,3637.95,3580.01
2021-07-30,3347.95,3327.59,3368.14,3306.98
2021-08-02,3353.1,3331.48,3358.92,3317
2021-08-03,3340.72,3366.24,3391,3299.77
2021-08-04,3379.35,3354.72,3388.88,3345.56
2021-08-05,3356.22,3375.99,3389,3340.92
2021-08-06,3375,3344.94,3375,3329.0373
2021-08-09,3343.61,3341.87,3354.88,3328.52
2021-08-10,3345.01,3320.68,3358,3315
2021-08-11,3331.4469,3292.11,3337.7,3277.79
2021-08-12,3290,3303.5,3314.51,3269.67
2021-08-13,3305.67,3293.97,3306.065,3283
2021-08-16,3283,3298.99,3300,3211.13
2021-08-17,3277.5,3241.96,3280.49,3225.68
2021-08-18,3241.99,3201.22,3254.0975,3200
2021-08-19,3194.02,3187.75,3233,3182.4637
2021-08-20,3203.8725,3199.95,3207.81,3175.76
2021-08-23,3211.9,3265.87,3280.9,3210.005
2021-08-24,3280,3305.78,3315.4942,3274.58
2021-08-25,3309.87,3299.18,3321,3286.15
2021-08-26,3299,3316,3332,3296
2021-08-27,3333.23,3349.63,3352.32,3313.75
2021-08-30,3357.425,3421.57,3445,3355.22
2021-08-31,3424.8,3470.79,3472.58,3395.59
2021-09-01,3496.396,3479,3527,3475.24
2021-09-02,3494.76,3463.12,3511.9608,3455
2021-09-03,3452,3478.05,3482.67,3436.44
2021-09-07,3478,3509.29,3528.09,3476.94
2021-09-08,3511.65,3525.5,3545.63,3495.67
2021-09-09,3526.02,3484.16,3549.99,3480.37
2021-09-10,3501.8308,3469.15,3508.45,3462.9055
2021-09-13,3482.8,3457.17,3497.96,3438.0001
2021-09-14,3475.55,3450,3486.806,3437.7104
2021-09-15,3442.52,3475.79,3485.42,3402.01
2021-09-16,3459.96,3488.24,3492.55,3446.1432
2021-09-17,3488.4146,3462.52,3497.41,3452.13
2021-09-20,3396,3355.73,3419,3305.01
2021-09-21,3375,3343.63,3379.7,3332.39
2021-09-22,3351,3380.05,3389,3341.05
2021-09-23,3380.05,3416,3428.96,3380.05
2021-09-24,3402.01,3425.52,3429.26,3393.4
2021-09-27,3371.5,3405.8,3415.57,3339.61
2021-09-28,3357.71,3315.96,3369.19,3290.1001
2021-09-29,3322.11,3301.12,3351.3,3297.87
2021-09-30,3316,3285.04,3327.85,3273.99
2021-10-01,3289.01,3283.26,3309.1746,3255.94
2021-10-04,3279.39,3189.78,3279.99,3176.25
2021-10-05,3204.5,3221,3260.73,3202.464
2021-10-06,3213.53,3262.01,3264.34,3198.62
2021-10-07,3291.54,3302.43,3325.746,3283.06
2021-10-08,3317,3288.62,3321.43,3288.2
2021-10-11,3275,3246.3,3292.5899,3238.1
2021-10-12,3257,3247.33,3267.528,3236.28
2021-10-13,3269.71,3284.28,3288.38,3261.0889
2021-10-14,3302.4541,3299.86,3312.6,3290.78
2021-10-15,3311.42,3409.02,3410.42,3304
2021-10-18,3388.3576,3446.74,3449.17,3385.1
2021-10-19,3434.29,3444.15,3454.69,3422
2021-10-20,3452.66,3415.06,3462.86,3400.37
2021-10-21,3414.25,3435.01,3440.28,3403
2021-10-22,3421,3335.55,3429.84,3331.3
2021-10-25,3335,3320.37,3347.7997,3297.7
2021-10-26,3349.51,3376.07,3416.12,3343.98
2021-10-27,3388,3392.49,3437,3371.4534
2021-10-28,3402.095,3446.57,3479,3386
2021-10-29,3300.02,3372.43,3374.82,3273.32
2021-11-01,3361.8,3318.11,3375.86,3292.02
2021-11-02,3315.01,3312.75,3331.115,3283.55
2021-11-03,3309,3384,3394.92,3297.52
2021-11-04,3370,3477,3498.625,3365.0001
2021-11-05,3477,3518.99,3566.25,3476.98
2021-11-08,3523.24,3488.98,3579,3487.86
2021-11-09,3515.25,3576.23,3593.77,3501.425
2021-11-10,3563.87,3482.05,3605.45,3463.09
2021-11-11,3513,3472.5,3543.24,3467.47
2021-11-12,3485,3525.15,3540.7262,3447.05
2021-11-15,3537,3545.68,3593.88,3525.81
2021-11-16,3539,3540.7,3576.5,3525.1466
2021-11-17,3564.72,3549,3587.245,3545.35
2021-11-18,3566.35,3696.06,3704.2,3561
2021-11-19,3712.69,3676.57,3762.145,3675.72
2021-11-22,3676.3768,3572.57,3713.455,3567.5
2021-11-23,3585.04,3580.04,3621.05,3527.71
2021-11-24,3562.67,3580.41,3613.64,3536.85
2021-11-26,3602.095,3504.56,3633.5,3504.15
2021-11-29,3547.6443,3561.57,3596,3531.5001
2021-11-30,3563.5,3507.07,3585.77,3492.01
2021-12-01,3545,3443.72,3559.88,3441.6
2021-12-02,3460,3437.36,3492.7,3423.75
2021-12-03,3455,3389.79,3469.865,3338.6
2021-12-06,3393,3427.37,3473.91,3338.69
2021-12-07,3492,3523.29,3549.99,3466.69
2021-12-08,3523.01,3523.16,3543.6,3495.01
2021-12-09,3515,3483.42,3539.39,3482.79
2021-12-10,3508.34,3444.24,3518.54,3410
2021-12-13,3440,3391.35,3442,3382.6
2021-12-14,3351,3381.83,3389.98,3328.8
2021-12-15,3371.96,3466.3,3472,3303.9
2021-12-16,3467.3714,3377.42,3483.32,3363.205
2021-12-17,3354.21,3400.35,3417.97,3312.271
2021-12-20,3337,3341.58,3357.4851,3312
2021-12-21,3357.01,3408.34,3414.3299,3312.95
2021-12-22,3385.395,3420.74,3441,3370.01
2021-12-23,3408.56,3421.37,3439.5,3403
2021-12-27,3420.74,3393.39,3458.86,3384.31
2021-12-28,3403.65,3413.22,3443.5176,3382.71
2021-12-29,3416.8,3384.02,3424.24,3372.0101
2021-12-30,3394,3372.89,3417.76,3370.48
2021-12-31,3379.12,3334.34,3387,3331.17
2022-01-03,3351,3408.09,3414.07,3323.21
2022-01-04,3408.76,3350.44,3428,3326.99
2022-01-05,3337.66,3287.14,3342.525,3287.14
2022-01-06,3269.01,3265.08,3296,3238.7442
2022-01-07,3276.78,3251.08,3304.865,3240.62
2022-01-10,3211.71,3229.72,3233.23,3126.09
2022-01-11,3230,3307.24,3327,3214.03
2022-01-12,3331.5,3304.14,3337.56,3288.34
2022-01-13,3305.01,3224.28,3324.4299,3221.82
2022-01-14,3203,3242.76,3245,3196.01
2022-01-18,3182.1,3178.35,3194.6899,3153.29
2022-01-19,3175.24,3125.98,3185,3125
2022-01-20,3135.32,3033.35,3160,3027.02
2022-01-21,2999,2852.86,3018,2841.408
2022-01-24,2780,2890.88,2898.9,2707.04
2022-01-25,2844.85,2799.72,2872,2762.9
2022-01-26,2895,2777.45,2903.695,2746.37
2022-01-27,2816,2792.75,2884.87,2787
2022-01-28,2817.21,2879.56,2879.96,2758.585
2022-01-31,2895,2991.47,3007.21,2886.0101
2022-02-01,3000,3023.87,3034.16,2952.5548
2022-02-02,3101.0085,3012.25,3101.5,2977.2717
2022-02-03,2834.75,2776.91,2884.95,2766.66
2022-02-04,3112.13,3152.79,3224,3012.16
2022-02-07,3170.4,3158.71,3253.815,3145
2022-02-08,3135.01,3228.27,3235.85,3111.01
2022-02-09,3257.47,3223.79,3276.69,3205
2022-02-10,3167,3180.07,3214.33,3155
2022-02-11,3162.6902,3065.87,3180,3054.675
2022-02-14,3035.02,3103.34,3168.9663,3033
2022-02-15,3152.11,3130.21,3160.14,3092.75
2022-02-16,3115.81,3162.01,3176.68,3094.69
2022-02-17,3162.92,3093.05,3206.975,3090
2022-02-18,3109.99,3052.03,3109.99,3017.86
2022-02-22,3009.57,3003.95,3059.65,2969.71
2022-02-23,3033.01,2897.685,3035.26,2893.02
2022-02-24,2796.75,3027.16,3034.98,2790
2022-02-25,3011,3075.77,3079.8,2984.27
2022-02-28,3048.5,3071.26,3089,3017
2022-03-01,3054.65,3022.84,3081.98,2999.54
2022-03-02,3016.98,3041.05,3059.99,2975
2022-03-03,3070.63,2957.97,3078.58,2937.12
2022-03-04,2943.18,2912.82,2957,2876.14
2022-03-07,2908.87,2749.06,2921.89,2748.33
2022-03-08,2733.67,2720.29,2813.99,2671.45
2022-03-09,2790,2785.58,2805,2736.56
2022-03-10,2913.7,2936.35,2973.485,2879.56
2022-03-11,2991.49,2910.49,2993.5,2907.38
2022-03-14,2919.62,2837.06,2949,2817.68
2022-03-15,2857,2947.33,2959.7,2840
2022-03-16,2970,3062.08,3063,2947.07
2022-03-17,3052.81,3144.78,3149.97,3042.8
2022-03-18,3136.26,3225.01,3231.88,3120.22
2022-03-21,3222.415,3229.83,3261.68,3191.06
2022-03-22,3236.11,3297.78,3323.34,3233.98
2022-03-23,3274.1,3268.16,3327.4,3253.74
2022-03-24,3274.99,3272.99,3282.37,3201
2022-03-25,3280,3295.47,3307.37,3245
2022-03-28,3299.5,3379.81,3380.75,3298
2022-03-29,3407.68,3386.3,3416.63,3357.37
2022-03-30,3370.19,3326.02,3379.01,3310
2022-03-31,3328.895,3259.95,3329.9,3259.07
2022-04-01,3282.99,3271.2,3316.54,3246.39
2022-04-04,3282.5,3366.93,3367.89,3264.11
2022-04-05,3354.83,3281.1,3362.21,3265.3201
2022-04-06,3233.01,3175.12,3244,3145.09
2022-04-07,3168,3155.69,3201.58,3090.23
2022-04-08,3135,3089.21,3147.37,3084.615
2022-04-11,3054.26,3022.44,3082.7299,3010.69
2022-04-12,3073.85,3015.75,3101.98,3007.66
2022-04-13,3000.37,3110.82,3120.5,2992
2022-04-14,3107.8,3034.13,3117.94,3029.435
2022-04-18,3030.47,3055.7,3080.79,3005.01
2022-04-19,3040.59,3162.31,3172.98,3031.01
2022-04-20,3152.05,3079.96,3152.05,3072.07
2022-04-21,3094.28,2965.92,3134.76,2951.79
2022-04-22,2965,2887,2992.3,2873.9501
2022-04-25,2880.46,2921.48,2924.43,2846.1309
2022-04-26,2896,2787.82,2897.115,2778.59
2022-04-27,2803.83,2763.34,2838.97,2715.67
2022-04-28,2843.56,2891.93,2918.75,2806
2022-04-29,2596.98,2485.63,2615.22,2432.5
2022-05-02,2448.02,2490,2493.365,2367.5
2022-05-03,2481.07,2485.07,2524.41,2456.5
2022-05-04,2472,2518.57,2520,2383.66
2022-05-05,2460,2328.14,2469.98,2301.45
2022-05-06,2297,2295.45,2381.01,2261.625
2022-05-09,2226.25,2175.78,2280,2159.14
2022-05-10,2225,2177.18,2252.85,2143.42
2022-05-11,2162.07,2107.44,2203.12,2088.57
2022-05-12,2055,2138.61,2215.615,2048.11
2022-05-13,2181.38,2261.1,2263.68,2156
2022-05-16,2262,2216.21,2279.85,2207.0827
2022-05-17,2265.5,2307.37,2316,2225.53
2022-05-18,2228.79,2142.25,2257.06,2124.975
2022-05-19,2125.61,2146.38,2200.68,2123.8581
2022-05-20,2191.37,2151.82,2197.9599,2100.1868
2022-05-23,2169.22,2151.14,2176.375,2079
2022-05-24,2080.5,2082,2108,2025.2
2022-05-25,2073.11,2135.5,2163.4999,2073
2022-05-26,2159.4,2221.55,2253.3099,2149.07
2022-05-27,2271,2302.93,2303.74,2252.56
2022-05-31,2325.6,2404.19,2439.8899,2313.5
2022-06-01,2445.12,2433.68,2503.58,2412.445
2022-06-02,2433.68,2510.22,2512.2,2400.9
2022-06-03,2484,2447,2488,2420.929
2022-06-06,125.245,124.79,128.99,123.81
2022-06-07,122.005,123,124.1,120.63
2022-06-08,122.61,121.18,123.75,120.75
2022-06-09,119.99,116.15,121.3,116.1
2022-06-10,113.415,109.65,114.5,109.05
2022-06-13,104.19,103.67,106.54,101.86
2022-06-14,104.19,102.31,104.88,101.43
2022-06-15,103.86,107.67,109.06,103.53
2022-06-16,104.47,103.66,104.58,102.01
2022-06-17,102.8,106.22,106.98,102.51
2022-06-21,108.2,108.68,111.6299,103.56
2022-06-22,107.43,108.95,112.13,107.02
2022-06-23,110.39,112.44,113,107.93
2022-06-24,112.38,116.46,116.71,111.43
2022-06-27,117.09,113.22,117.98,112.7
2022-06-28,113.5,107.4,114.85,107.04
2022-06-29,107.38,108.92,110.99,106.91
2022-06-30,108.11,106.21,108.18,102.52
2022-07-01,106.29,109.56,109.75,105.8469
2022-07-05,107.6,113.5,114.08,106.3242
2022-07-06,113.21,114.33,115.48,112.01
2022-07-07,113.85,116.33,116.99,113.49
2022-07-08,114.6,115.54,116.58,113.69
2022-07-11,114.08,111.75,114.3,110.87
2022-07-12,112.16,109.22,113.23,108.34
2022-07-13,107.03,110.4,111.78,106.01
2022-07-14,110.24,110.63,111.18,107.58
2022-07-15,112.5,113.55,115.59,111.59
2022-07-18,115,113.76,117.24,113.15
2022-07-19,115.7,118.21,118.95,114.03
2022-07-20,118.615,122.77,123.475,118.32
2022-07-21,123.2,124.63,124.85,121.26
2022-07-22,125.01,122.42,125.5,121.3504
2022-07-25,122.695,121.14,123.64,120.03
2022-07-26,115.79,114.81,118.15,114.53
2022-07-27,117.31,120.97,121.9,117.16
2022-07-28,121.57,122.28,122.84,118.08
2022-07-29,134.9,134.95,137.65,132.41
2022-08-01,134.96,135.39,138.8339,133.51
2022-08-02,134.72,134.16,137.44,134.09
2022-08-03,136.21,139.52,140.49,136.05
2022-08-04,140.58,142.57,143.56,139.55
2022-08-05,140.1,140.8,142.86,139.6
2022-08-08,142.05,139.41,144.23,138.29
2022-08-09,138.052,137.83,138.9523,136.21
2022-08-10,142.9,142.69,144.6,141.01
2022-08-11,143.86,140.64,144.49,139.76
2022-08-12,142.05,143.55,143.57,140.1201
2022-08-15,142.8,143.18,143.76,141.49
2022-08-16,143.905,144.78,146.57,142
2022-08-17,142.69,142.1,143.38,140.78
2022-08-18,141.32,142.3,142.77,140.38
2022-08-19,140.47,138.23,141.11,137.9142
2022-08-22,135.72,133.22,136.32,132.85
2022-08-23,133.41,133.62,134.99,132.95
2022-08-24,132.75,133.8,135.47,132.1
2022-08-25,135.26,137.28,137.42,134.28
2022-08-26,136.55,130.75,137.83,130.5
2022-08-29,129.9,129.79,131.9499,128.77
2022-08-30,131.25,128.73,132.0745,126.85
2022-08-31,129.45,126.77,130.59,126.74
2022-09-01,126,127.82,128.02,123.66
2022-09-02,129.5,127.51,131.38,126.39
2022-09-06,127.92,126.11,128.62,124.74
2022-09-07,126.12,129.48,129.82,125.4
2022-09-08,127.72,129.82,130.28,127.1
2022-09-09,130.91,133.27,133.69,130.76
2022-09-12,134.095,136.45,136.49,134
2022-09-13,131.01,126.82,131.4,126.27
2022-09-14,127.364,128.55,128.84,126.33
2022-09-15,127.38,126.28,130.37,125.495
2022-09-16,122.78,123.53,123.87,120.7
2022-09-19,122.16,124.66,124.71,121.8
2022-09-20,123.35,122.19,124.3963,121.14
2022-09-21,122.49,118.54,123.76,118.45
2022-09-22,117.08,117.31,118.79,116.26
2022-09-23,116,113.78,116.05,112.06
2022-09-26,113.295,115.15,117.34,113.13
2022-09-27,117.195,114.41,118.32,113.05
2022-09-28,114.38,118.01,118.7,113.8
2022-09-29,115.6,114.8,116.07,113.06
2022-09-30,114.075,113,116.92,112.84
2022-10-03,113.58,115.88,116.91,112.45
2022-10-04,119.89,121.09,123,119.79
2022-10-05,118.58,120.95,121.75,117.69
2022-10-06,120.77,120.3,121.53,119.5
2022-10-07,118,114.56,118.17,113.88
2022-10-10,115.1,113.67,116.25,112.43
2022-10-11,112.71,112.21,115.48,110.39
2022-10-12,112.49,112.9,113.83,111.4
2022-10-13,107.88,112.53,113.44,105.345
2022-10-14,114.1,106.9,114.96,106.6
2022-10-17,110.11,113.79,114.19,110.09
2022-10-18,119.06,116.36,119.52,114.79
2022-10-19,114.71,115.07,116.5932,113.22
2022-10-20,113.83,115.25,118.24,113.51
2022-10-21,114.792,119.32,119.59,114.5
2022-10-24,119.98,119.82,120.39,116.57
2022-10-25,119.65,120.6,121.3152,118.95
2022-10-26,116,115.66,119.3457,114.76
2022-10-27,113.92,110.96,114.12,109.77
2022-10-28,97.905,103.41,103.96,97.66
2022-10-31,103.56,102.44,104.87,100.74
2022-11-01,103.99,96.79,104.58,96.06
2022-11-02,97.315,92.12,97.74,92.01
2022-11-03,92.47,89.3,93.5,89.02
2022-11-04,91.49,90.98,92.44,88.04
2022-11-07,91.95,90.53,92.1,89.04
2022-11-08,90.79,89.98,91.72,88.23
2022-11-09,89.47,86.14,89.48,85.87
2022-11-10,92.935,96.63,98.69,91.65
2022-11-11,97.88,100.79,101.19,96.66
2022-11-14,98.77,98.49,100.1199,97.29
2022-11-15,103.21,98.94,103.79,97.34
2022-11-16,96.85,97.12,98.4879,95.54
2022-11-17,95.37,94.85,96.97,94.03
2022-11-18,95.95,94.14,95.99,92.48
2022-11-21,93.97,92.46,95.02,90.59
2022-11-22,92.62,93.2,93.35,90.87
2022-11-23,93.24,94.13,94.58,92.83
2022-11-25,93.79,93.41,94.43,93.065
2022-11-28,93.93,93.95,96.4,93.43
2022-11-29,94.04,92.42,94.41,91.44
2022-11-30,92.47,96.54,96.54,91.525
2022-12-01,96.99,95.5,97.23,94.92
2022-12-02,94.475,94.13,95.36,93.78
2022-12-05,93.05,91.01,94.06,90.82
2022-12-06,90.5,88.25,91.04,87.9
2022-12-07,88.34,88.46,89.89,87.48
2022-12-08,89.24,90.35,90.86,87.88
2022-12-09,88.9,89.09,90.3,88.63
2022-12-12,89.21,90.55,90.58,87.87
2022-12-13,95.23,92.49,96.25,90.52
2022-12-14,92.502,91.58,93.4581,89.87
2022-12-15,89.89,88.45,89.97,87.47
2022-12-16,88.265,87.86,89.35,86.73
2022-12-19,87.51,84.92,87.63,84.51
2022-12-20,85.33,85.19,86.61,84.33
2022-12-21,86.175,86.77,87.225,85.21
2022-12-22,85.52,83.79,85.68,82.25
2022-12-23,83.25,85.25,85.78,82.9344
2022-12-27,84.97,83.04,85.35,83
2022-12-28,82.8,81.82,83.48,81.69
2022-12-29,82.87,84.18,84.55,82.55
2022-12-30,83.12,84,84.05,82.47
2023-01-03,85.46,85.82,86.96,84.205
2023-01-04,86.55,85.14,86.98,83.36
2023-01-05,85.33,83.12,85.42,83.07
2023-01-06,83.03,86.08,86.4,81.43
2023-01-09,87.46,87.36,89.48,87.08
2023-01-10,87.57,89.87,90.185,87.29
2023-01-11,90.93,95.09,95.26,90.93
2023-01-12,96.93,95.27,97.19,93.5
2023-01-13,94.18,98.12,98.37,94.12
2023-01-17,98.68,96.05,98.89,95.73
2023-01-18,97.25,95.46,99.32,95.38
2023-01-19,94.74,93.68,95.44,92.86
2023-01-20,93.86,97.25,97.354,93.2025
2023-01-23,97.56,97.52,97.78,95.86
2023-01-24,96.93,96.32,98.09,96
2023-01-25,92.56,97.18,97.24,91.52
2023-01-26,98.235,99.22,99.49,96.92
2023-01-27,99.53,102.24,103.485,99.53
2023-01-30,101.09,100.55,101.74,99.01
2023-01-31,101.155,103.13,103.3484,101.14
2023-02-01,102.53,105.15,106.24,101.24
2023-02-02,110.245,112.91,114,108.88
2023-02-03,105.26,103.39,108.78,102.52
2023-02-06,102.925,102.18,103.9484,100.65
2023-02-07,101.17,102.11,102.41,98.08
2023-02-08,102.04,100.05,102.6699,98.775
2023-02-09,101.32,98.24,101.78,97.57
2023-02-10,97.56,97.61,98.8163,96.23
2023-02-13,97.85,99.54,99.68,96.91
2023-02-14,98.41,99.7,100.9207,97.52
2023-02-15,99.09,101.16,101.17,98.45
2023-02-16,99.21,98.15,100.63,98.1
2023-02-17,97.8,97.2,97.94,95.65
2023-02-21,95.335,94.58,95.605,94.27
2023-02-22,95.1,95.79,97.01,94.8
2023-02-23,96.12,95.82,96.43,93.67
2023-02-24,93.53,93.5,94.14,92.3186
2023-02-27,94.28,93.76,94.78,93.14
2023-02-28,93.14,94.23,94.69,92.92
2023-03-01,93.87,92.17,94.68,91.59
2023-03-02,91.41,92.13,92.23,90.39
2023-03-03,92.74,94.9,94.94,92.66
2023-03-06,95.19,93.75,96.545,93.74
2023-03-07,94.06,93.55,95.09,92.78
2023-03-08,93.6,93.92,94.165,92.18
2023-03-09,93.68,92.25,96.21,92.18
2023-03-10,92.67,90.73,93.57,90.245
2023-03-13,89.97,92.43,94.02,88.12
2023-03-14,93.83,94.88,95.07,92.71
2023-03-15,93.22,96.2,96.67,93.07
2023-03-16,95.75,100.04,100.99,95.61
2023-03-17,99.79,98.95,100.66,97.455
2023-03-20,98.41,97.71,98.48,95.7
2023-03-21,98.14,100.61,100.845,98
2023-03-22,100.45,98.7,102.1,98.61
2023-03-23,100.43,98.71,101.06,97.62
2023-03-24,98.065,98.13,98.3,96.4
2023-03-27,99.07,98.04,99.34,97.08
2023-03-28,98.11,97.24,98.44,96.29
2023-03-29,98.69,100.25,100.4218,98.56
2023-03-30,101.55,102,103.04,101.01
2023-03-31,102.16,103.29,103.49,101.95
2023-04-03,102.3,102.41,103.29,101.43
2023-04-04,102.75,103.95,104.2,102.11
2023-04-05,103.91,101.1,103.91,100.7506
2023-04-06,100.75,102.06,102.3817,99.8008
2023-04-10,100.96,102.17,102.2,99.57
2023-04-11,100.8,99.92,101,99.01
2023-04-12,100.4,97.83,100.51,97.705
2023-04-13,98.95,102.4,102.57,98.71
2023-04-14,102.07,102.51,103.2013,101.11
2023-04-17,103.16,102.74,103.73,101.59
2023-04-18,103.95,102.3,104.2,101.52
2023-04-19,101.58,104.3,105.12,101.39
2023-04-20,103.53,103.81,105.25,103.21
2023-04-21,106.1,106.96,108.15,105.08
2023-04-24,107.655,106.21,109.23,105.07
2023-04-25,104.91,102.57,105.45,102.45
2023-04-26,105.04,104.98,106.62,104.1
2023-04-27,108.16,109.82,110.86,106.8
2023-04-28,107.73,105.45,109.48,104.33
2023-05-01,104.95,102.05,105.23,101.82
2023-05-02,101.47,103.63,103.9,101.15
2023-05-03,103.735,103.65,105.96,103.28
2023-05-04,104.04,104,105.39,103.3117
2023-05-05,104.27,105.655,105.76,103.55
2023-05-08,105.04,105.83,106.095,104.7001
2023-05-09,105.48,106.62,106.79,105.1567
2023-05-10,108.1,110.19,110.67,108.05
2023-05-11,111.03,112.18,113.28,110.49
2023-05-12,112.16,110.26,112.64,109.3185
2023-05-15,111.15,111.2,112.29,109.25
2023-05-16,111.05,113.4,114.7899,111.05
2023-05-17,114.89,115.5,115.83,114.22
2023-05-18,116.69,118.15,118.6,116.335
2023-05-19,118.16,116.25,118.31,115.7
2023-05-22,116.77,115.01,116.77,114.25
2023-05-23,114.27,114.99,117.14,113.78
2023-05-24,115.35,116.75,117.34,115.02
2023-05-25,116.63,115,116.87,114.31
2023-05-26,116.04,120.11,121.5,116.02
2023-05-30,122.37,121.66,122.92,119.855
2023-05-31,121.45,120.58,122.04,119.17
2023-06-01,120.69,122.77,123.49,119.93
2023-06-02,124.92,124.25,126.39,124.015
2023-06-05,123.36,125.3,125.8,123.03
2023-06-06,125.07,126.61,127.4,125
2023-06-07,127.01,121.23,127.365,120.63
2023-06-08,123.01,124.25,125.625,122.2579
2023-06-09,124.08,123.43,125.8,123.19
2023-06-12,124.02,126.57,126.78,123.53
2023-06-13,128.12,126.66,128.41,125.18
2023-06-14,126.7,126.42,126.95,124.12
2023-06-15,125.21,127.11,127.69,124.32
2023-06-16,127.71,125.49,127.9,125.3
2023-06-20,124.97,125.78,127.25,124.5
2023-06-21,125.64,124.83,126.73,123.85
2023-06-22,125.31,130.15,130.33,125.14
2023-06-23,129.11,129.33,130.84,128.28
2023-06-26,129.33,127.33,131.49,127.1
2023-06-27,128.63,129.18,130.085,127.55
2023-06-28,128.94,129.04,131.48,128.44
2023-06-29,128.77,127.9,129.26,127.255
2023-06-30,129.47,130.36,131.245,128.95
2023-07-03,130.82,130.22,131.85,130.065
2023-07-05,130.24,130.38,131.4,129.64
2023-07-06,128.25,128.36,128.73,127.37
2023-07-07,128.59,129.78,130.97,128.1294
2023-07-10,129.07,127.13,129.28,125.915
2023-07-11,127.75,128.78,129.77,127.35
2023-07-12,130.31,130.8,131.26,128.83
2023-07-13,134.04,134.3,134.67,132.71
2023-07-14,134.06,134.68,136.65,134.06
2023-07-17,134.56,133.56,135.62,133.21
2023-07-18,132.71,132.83,133.86,131.355
2023-07-19,133.39,135.36,135.99,132.53
2023-07-20,134.07,129.96,134.7915,129.33
2023-07-21,131.34,130,131.37,128.415
2023-07-24,130.305,128.8,131.66,128.35
2023-07-25,129.31,129.13,129.58,128.53
2023-07-26,126.51,128.15,129.08,126.11
2023-07-27,131,128.25,132.63,127.79
2023-07-28,129.69,132.21,133.01,129.33
2023-07-31,133.2,133.68,133.87,132.38
2023-08-01,133.55,131.69,133.69,131.6199
2023-08-02,130.154,128.21,130.23,126.82
2023-08-03,127.48,128.91,129.84,126.41
2023-08-04,141.06,139.57,143.63,139.32
2023-08-07,140.99,142.22,142.54,138.95
2023-08-08,140.62,139.94,140.84,138.42
2023-08-09,139.97,137.85,140.32,137.1
2023-08-10,139.075,138.56,140.41,137.49
2023-08-11,137.4,138.41,139.33,137
2023-08-14,138.3,140.57,140.59,137.75
2023-08-15,140.05,137.67,141.2778,137.23
2023-08-16,137.19,135.07,137.27,135.01
2023-08-17,135.46,133.98,136.085,133.53
2023-08-18,131.62,133.22,134.065,131.15
2023-08-21,133.74,134.68,135.185,132.71
2023-08-22,135.08,134.25,135.65,133.73
2023-08-23,134.5,135.52,135.95,133.22
2023-08-24,136.4,131.84,136.775,131.83
2023-08-25,132.47,133.26,133.87,130.58
2023-08-28,133.78,133.14,133.95,131.85
2023-08-29,133.38,134.91,135.14,133.25
2023-08-30,134.93,135.07,135.68,133.92
2023-08-31,135.06,138.01,138.7885,135
2023-09-01,139.455,138.12,139.96,136.875
2023-09-05,137.73,137.27,137.8,135.82
2023-09-06,136.32,135.36,137.45,134.61
2023-09-07,133.9,137.85,138.03,133.16
2023-09-08,136.86,138.23,138.8519,136.75
2023-09-11,138.75,143.1,143.62,138.64
2023-09-12,142.32,141.23,143,140.61
2023-09-13,140.95,144.85,144.98,140.865
2023-09-14,145.08,144.72,145.86,142.95
2023-09-15,142.69,140.39,143.57,140.09
2023-09-18,140.48,139.98,141.75,139.22
2023-09-19,138.7,137.63,138.84,135.56
2023-09-20,138.55,135.29,139.37,135.2
2023-09-21,131.94,129.33,132.24,129.31
2023-09-22,131.11,129.12,132.03,128.52
2023-09-25,129.36,131.27,131.78,128.77
2023-09-26,130.12,125.98,130.39,125.28
2023-09-27,125.76,125.98,127.48,124.13
2023-09-28,124.04,125.98,126.5801,123.04
2023-09-29,128.2,127.12,129.15,126.32
2023-10-02,127.28,129.46,130.47,126.54
2023-10-03,128.06,124.72,128.52,124.2544
2023-10-04,126.06,127,127.36,125.68
2023-10-05,126.71,125.96,126.73,124.33
2023-10-06,124.16,127.96,128.45,124.13
2023-10-09,126.22,128.26,128.79,124.76
2023-10-10,128.82,129.48,130.74,128.05
2023-10-11,129.74,131.83,132.05,129.61
2023-10-12,132.17,132.33,134.48,131.23
2023-10-13,132.98,129.79,133.3145,128.95
2023-10-16,130.69,132.55,133.07,130.425
2023-10-17,130.39,131.47,132.58,128.71
2023-10-18,129.9,128.13,130.6699,127.51
2023-10-19,130.565,128.4,132.24,127.47
2023-10-20,128.05,125.17,128.17,124.97
2023-10-23,124.63,126.56,127.88,123.98
2023-10-24,127.74,128.56,128.8,126.34
2023-10-25,126.04,121.39,126.34,120.79
2023-10-26,120.63,119.57,121.6393,118.35
2023-10-27,126.2,127.74,130.02,125.52
2023-10-30,129.72,132.71,133,128.56
2023-10-31,132.75,133.09,133.57,131.71
2023-11-01,133.96,137,137.35,133.71
2023-11-02,138.73,138.07,138.81,136.47
2023-11-03,138.99,138.6,139.49,137.45
2023-11-06,138.76,139.74,140.73,138.36
2023-11-07,140.55,142.71,143.37,140.5
2023-11-08,142.97,142.08,143.12,141.2183
2023-11-09,142.02,140.6,142.65,139.84
2023-11-10,140.46,143.56,143.65,139.91
2023-11-13,142.08,142.59,143.23,140.67
2023-11-14,145,145.8,147.26,144.68
2023-11-15,147.06,143.2,147.29,142.59
2023-11-16,140.91,142.83,143.32,139.52
2023-11-17,142.66,145.18,145.23,142.545
2023-11-20,145.13,146.13,146.63,144.725
2023-11-21,143.91,143.9,144.05,141.5
2023-11-22,144.57,146.71,147.74,144.57
2023-11-24,146.7,146.74,147.2,145.32
2023-11-27,147.53,147.73,149.26,146.88
2023-11-28,146.98,147.03,147.5999,145.53
2023-11-29,147.85,146.32,148.54,145.97
2023-11-30,144.76,146.09,146.93,144.332
2023-12-01,146,147.03,147.245,145.55
2023-12-04,145.25,144.84,145.35,142.81
2023-12-05,143.55,146.88,148.57,143.13
2023-12-06,147.58,144.52,147.85,144.28
2023-12-07,146.15,146.88,147.92,145.34
2023-12-08,145.48,147.42,147.84,145.4
2023-12-11,145.66,145.89,146.19,143.64
2023-12-12,145.52,147.48,147.5,145.3
2023-12-13,148.12,148.84,149.46,146.82
2023-12-14,149.93,147.42,150.54,145.52
2023-12-15,148.38,149.97,150.57,147.88
2023-12-18,150.56,154.07,154.855,150.05
2023-12-19,154.4,153.79,155.12,152.69
2023-12-20,152.9,152.12,155.63,151.56
2023-12-21,153.3,153.84,153.97,152.1
2023-12-22,153.77,153.42,154.35,152.71
2023-12-26,153.56,153.41,153.975,153.03
2023-12-27,153.56,153.34,154.78,153.12
2023-12-28,153.72,153.38,154.08,152.95
2023-12-29,153.1,151.94,153.89,151.03
2024-01-02,151.54,149.93,152.38,148.39
2024-01-03,149.2,148.47,151.05,148.33
2024-01-04,145.59,144.57,147.38,144.05
2024-01-05,144.69,145.24,146.59,144.53
2024-01-08,146.74,149.1,149.4,146.15
2024-01-09,148.33,151.37,151.71,148.21
2024-01-10,152.06,153.73,154.42,151.881
2024-01-11,155.04,155.18,157.17,153.12
2024-01-12,155.39,154.62,156.2,154.01
2024-01-16,153.53,153.16,154.99,152.15
2024-01-17,151.49,151.71,152.15,149.91
2024-01-18,152.77,153.5,153.775,151.82
2024-01-19,153.83,155.34,155.76,152.74
2024-01-22,156.89,154.78,157.05,153.9
2024-01-23,154.85,156.02,156.21,153.93
2024-01-24,157.8,156.87,158.51,156.48
2024-01-25,156.95,157.75,158.505,154.5501
2024-01-26,158.42,159.12,160.72,157.91
2024-01-29,159.34,161.26,161.29,158.9
2024-01-30,160.7,159,161.73,158.49
2024-01-31,157,155.2,159.01,154.81
2024-02-01,155.87,159.28,159.76,155.62
2024-02-02,169.19,171.81,172.5,167.33
2024-02-05,170.2,170.31,170.55,167.7
2024-02-06,169.39,169.15,170.71,167.65
2024-02-07,169.48,170.53,170.88,168.94
2024-02-08,169.65,169.84,171.43,168.88
2024-02-09,170.9,174.45,175,170.5803
2024-02-12,174.8,172.34,175.39,171.54
2024-02-13,167.73,168.64,170.95,165.75
2024-02-14,169.21,170.98,171.21,168.28
2024-02-15,170.58,169.8,171.17,167.59
2024-02-16,168.74,169.51,170.42,167.17
2024-02-20,167.83,167.08,168.71,165.74
2024-02-21,168.94,168.59,170.23,167.14
2024-02-22,173.1,174.58,174.8,171.77
2024-02-23,174.28,174.99,175.75,173.7
2024-02-26,175.7,174.73,176.37,174.26
2024-02-27,174.075,173.54,174.62,172.86
2024-02-28,172.44,173.16,174.05,172.27
2024-02-29,173.01,176.76,177.22,172.85
2024-03-01,176.75,178.22,178.725,176.07
2024-03-04,177.53,177.58,180.14,177.49
2024-03-05,176.93,174.12,176.93,173.303
2024-03-06,175.54,173.51,176.46,173.26
2024-03-07,174.83,176.82,177.99,173.72
2024-03-08,176.44,175.35,178.785,174.33
2024-03-11,174.31,171.96,174.47,171.47
2024-03-12,173.5,175.39,176.76,171.98
2024-03-13,175.9,176.555,177.62,175.55
2024-03-14,177.69,178.75,179.53,176.465
2024-03-15,176.64,174.42,177.93,173.9
2024-03-18,175.8,174.48,176.69,174.28
2024-03-19,174.215,175.9,176.09,173.52
2024-03-20,176.14,178.15,178.53,174.64
2024-03-21,179.988,178.15,181.415,178.15
2024-03-22,177.752,178.87,179.255,176.75
2024-03-25,178.01,179.71,180.99,177.24
2024-03-26,180.15,178.3,180.45,177.95
2024-03-27,179.88,179.83,180,177.3099
2024-03-28,180.17,180.38,181.7,179.26
2024-04-01,180.79,180.97,183,179.95
2024-04-02,179.07,180.69,180.79,178.3762
2024-04-03,179.9,182.41,182.87,179.8
2024-04-04,184,180,185.1,180
2024-04-05,182.38,185.07,186.27,181.97
2024-04-08,186.9,185.19,187.29,184.81
2024-04-09,187.24,185.67,187.34,184.2
2024-04-10,182.765,185.95,186.2699,182.67
2024-04-11,186.74,189.05,189.77,185.51
2024-04-12,187.72,186.13,188.38,185.08
2024-04-15,187.425,183.62,188.69,183
2024-04-16,183.27,183.32,184.83,182.26
2024-04-17,184.31,181.28,184.57,179.82
2024-04-18,181.47,179.22,182.39,178.65
2024-04-19,178.74,174.63,179,173.44
2024-04-22,176.94,177.23,178.87,174.56
2024-04-23,178.08,179.54,179.93,175.975
2024-04-24,179.94,176.59,180.323,176.18
2024-04-25,169.68,173.67,173.92,166.32
2024-04-26,177.795,179.62,180.82,176.13
2024-04-29,182.75,180.96,183.53,179.39
2024-04-30,181.09,175,182.99,174.8
2024-05-01,181.635,179,185.15,176.56
2024-05-02,180.85,184.72,185.1,179.91
2024-05-03,186.99,186.21,187.87,185.42
2024-05-06,186.28,188.7,188.745,184.8
2024-05-07,188.92,188.76,189.94,187.305
2024-05-08,187.44,188,188.43,186.385
2024-05-09,188.88,189.5,191.7,187.44
2024-05-10,189.16,187.48,189.892,186.93
2024-05-13,188,186.57,188.31,185.36
2024-05-14,183.82,187.07,187.72,183.45
2024-05-15,185.97,185.99,186.7193,182.73
2024-05-16,185.6,183.63,187.31,183.46
2024-05-17,183.76,184.7,185.3,183.35
2024-05-20,184.34,183.54,186.665,183.28
2024-05-21,182.3,183.15,183.26,180.75
2024-05-22,183.88,183.13,185.22,181.9715
2024-05-23,183.66,181.05,184.76,180.08
2024-05-24,181.65,180.75,182.435,180.3
2024-05-28,179.93,182.15,182.24,179.49
2024-05-29,181.7,182.02,184.08,181.55
2024-05-30,181.31,179.32,181.34,178.355
2024-05-31,178.3,176.44,179.21,173.87
2024-06-03,177.7,178.34,178.7,175.92
2024-06-04,177.64,179.34,179.82,176.44
2024-06-05,180.1,181.28,181.5,178.75
2024-06-06,181.745,185,185,181.49
2024-06-07,184.9,184.3,186.2888,183.36
2024-06-10,184.07,187.06,187.23,183.79
2024-06-11,187.06,187.23,187.77,184.5373
2024-06-12,188.015,186.89,188.35,185.43
2024-06-13,186.09,183.83,187.67,182.666
2024-06-14,183.08,183.66,183.72,182.23
2024-06-17,182.52,184.06,185,181.22
2024-06-18,183.735,182.81,184.29,181.43
2024-06-20,182.91,186.1,186.51,182.72
2024-06-21,187.8,189.08,189.275,185.86
2024-06-24,189.33,185.57,191,185.33
2024-06-25,186.81,186.34,188.84,185.42
2024-06-26,186.92,193.61,194.8,186.26
2024-06-27,195.005,197.85,199.84,194.2
2024-06-28,197.73,193.25,198.85,192.5
2024-07-01,193.49,197.2,198.2957,192.82
2024-07-02,197.28,200,200.43,195.93
2024-07-03,199.94,197.59,200.029,196.7601
2024-07-05,198.65,200,200.55,198.17
2024-07-08,200.04,199.29,201.2,197.96
2024-07-09,199.4,199.34,200.57,199.045
2024-07-10,199.995,199.79,200.11,197.69
2024-07-11,200.09,195.05,200.2699,192.86
2024-07-12,194.8,194.49,196.47,193.8301
2024-07-15,194.56,192.72,196.19,190.83
2024-07-16,195.59,193.02,196.62,192.24
2024-07-17,191.35,187.93,191.58,185.99
2024-07-18,189.59,183.75,189.68,181.448
2024-07-19,181.14,183.13,184.93,180.11
2024-07-22,185,182.55,185.06,182.48
2024-07-23,184.1,186.41,189.39,183.56
2024-07-24,183.2,180.83,185.45,180.41
2024-07-25,182.91,179.85,183.8958,176.8
2024-07-26,180.39,182.5,183.19,180.24
2024-07-29,183.84,183.2,184.75,182.38
2024-07-30,184.72,181.71,185.86,179.38
2024-07-31,185.05,186.98,187.94,184.46
2024-08-01,189.285,184.07,190.6,181.87
2024-08-02,166.75,167.9,168.77,160.55
2024-08-05,154.21,161.02,162.96,151.61
2024-08-06,161.71,161.93,165.08,158.5404
2024-08-07,166.55,162.77,167.58,161.43
2024-08-08,165.165,165.8,166.6899,162.55
2024-08-09,166.4,166.94,168.55,165.85
2024-08-12,168.14,166.8,168.55,166.1101
2024-08-13,167.81,170.23,171.04,167.1
2024-08-14,172.11,170.1,172.28,168.86
2024-08-15,174.86,177.59,177.91,173.99
2024-08-16,177.04,177.06,178.34,176.2601
2024-08-19,177.64,178.22,178.3,176.16
2024-08-20,177.92,178.88,179.01,177.4308
2024-08-21,179.92,180.11,182.385,178.8937
2024-08-22,181.38,176.13,181.47,175.68
2024-08-23,177.34,177.04,178.9699,175.24
2024-08-26,176.7,175.5,177.4682,174.3
2024-08-27,174.15,173.12,174.89,172.25
2024-08-28,173.69,170.8,173.69,168.92
2024-08-29,173.22,172.12,174.29,170.81
2024-08-30,172.78,178.5,178.9,172.6
2024-09-03,177.55,176.25,178.26,175.26
2024-09-04,174.48,173.33,175.98,172.54
2024-09-05,175,177.89,179.875,174.995
2024-09-06,177.24,171.39,178.38,171.16
2024-09-09,174.53,175.4,175.85,173.51
2024-09-10,177.49,179.55,180.5,176.79
2024-09-11,180.095,184.52,184.99,175.73
2024-09-12,184.8,187,187.41,183.54
2024-09-13,187,186.49,188.5,185.91
2024-09-16,185.29,184.89,185.81,183.36
2024-09-17,186.85,186.88,189.45,186.14
2024-09-18,186.45,186.43,188.8,185.06
2024-09-19,190.04,189.87,190.99,188.47
2024-09-20,190.23,191.6,191.84,187.41
2024-09-23,191.64,193.88,194.45,190.57
2024-09-24,194.27,193.96,195.37,190.13
2024-09-25,193.75,192.53,193.9498,192.16
2024-09-26,194.31,191.16,194.53,189.54
2024-09-27,190.68,187.97,190.9,187.34
2024-09-30,187.14,186.33,188.49,184.65
2024-10-01,184.9,185.13,186.19,183.4519
2024-10-02,184.44,184.76,186.6,184.04
2024-10-03,183.045,181.96,183.44,180.875
2024-10-04,185.75,186.51,187.6,183.6
2024-10-07,182.95,180.8,183.6,180.25
2024-10-08,181.915,182.72,183.09,180.92
2024-10-09,182.82,185.17,185.845,182.05
2024-10-10,187.13,186.65,188.134,185.83
2024-10-11,186.63,188.82,189.9284,186.3
2024-10-14,189.78,187.54,189.83,187.36
2024-10-15,187.63,187.69,188.41,184.58
2024-10-16,187.05,186.89,187.78,185.61
2024-10-17,188.22,187.53,188.94,186
2024-10-18,187.15,188.99,190.74,186.28
2024-10-21,188.05,189.07,189.46,186.4
2024-10-22,188.35,189.7,191.5201,186.975
2024-10-23,188.85,184.71,189.16,183.69
2024-10-24,185.25,186.38,187.11,183.86
2024-10-25,187.85,187.83,190.45,187.53
2024-10-28,189.565,188.39,190.21,188.21
2024-10-29,188.58,190.83,191.4599,187.815
2024-10-30,194.695,192.73,195.61,192.42
2024-10-31,190.51,186.4,190.6,185.23
2024-11-01,199,197.93,200.5,197.02
2024-11-04,196.45,195.78,197.33,194.3101
2024-11-05,196.04,199.5,199.82,195.99
2024-11-06,200.01,207.09,207.55,199.14
2024-11-07,207.44,210.05,212.25,207.19
2024-11-08,209.72,208.18,209.9633,207.44
2024-11-11,208.5,206.84,209.65,205.59
2024-11-12,208.37,208.91,209.54,206.01
2024-11-13,209.4,214.1,215.09,209.14
2024-11-14,214.16,211.48,215.9,210.88
2024-11-15,206.76,202.61,207.34,199.61
2024-11-18,204.15,201.7,204.67,200.95
2024-11-19,199.33,204.61,205.3,198.78
2024-11-20,202.98,202.88,203.13,199.45
2024-11-21,203.49,198.38,203.49,195.75
2024-11-22,198.25,197.12,199.2599,196.75
2024-11-25,199.28,201.45,201.9499,199
2024-11-26,201.9,207.86,208,201.79
2024-11-27,206.98,205.74,207.64,205.05
2024-11-29,205.83,207.89,208.2,204.59
2024-12-02,209.96,210.71,212.99,209.5101
2024-12-03,210.31,213.44,214.02,209.65
2024-12-04,215.96,218.16,220,215.75
2024-12-05,218.03,220.55,222.15,217.3
2024-12-06,220.75,227.03,227.15,220.6
2024-12-09,227.21,226.09,230.08,225.67
2024-12-10,226.09,225.04,229.06,224.2002
2024-12-11,226.41,230.26,231.2,226.26
2024-12-12,229.83,228.97,231.09,227.63
2024-12-13,228.4,227.46,230.2,225.8608
2024-12-16,230.23,232.93,233,228.01
2024-12-17,232.39,231.15,232.73,227.85
2024-12-18,230.77,220.52,231.3999,220.11
2024-12-19,224.91,223.29,226.09,222.92
2024-12-20,219.84,224.92,226.21,218.73
2024-12-23,225.01,225.06,226.88,223.9
2024-12-24,226.94,229.05,229.14,226.13
2024-12-26,228.5,227.05,228.5,226.6706
2024-12-27,225.6,223.75,226.03,220.9
2024-12-30,220.06,221.3,222.9972,218.43
2024-12-31,222.965,219.39,223.2299,218.94